<?xml version="1.0" encoding="utf-8"?>
<!--
  ~ Copyright (C) 2019 The Android Open Source Project
  ~
  ~ Licensed under the Apache License, Version 2.0 (the "License");
  ~ you may not use this file except in compliance with the License.
  ~ You may obtain a copy of the License at
  ~
  ~      http://www.apache.org/licenses/LICENSE-2.0
  ~
  ~ Unless required by applicable law or agreed to in writing, software
  ~ distributed under the License is distributed on an "AS IS" BASIS,
  ~ WITHOUT WARRANTIES OR CONDITIONS OF ANY KIND, either express or implied.
  ~ See the License for the specific language governing permissions and
  ~ limitations under the License
  -->
<permissions>
    <privapp-permissions package="com.android.launcher3">
        <permission name="android.permission.BIND_APPWIDGET"/>
        <permission name="android.permission.CONTROL_REMOTE_APP_TRANSITION_ANIMATIONS"/>
        <permission name="android.permission.GET_ACCOUNTS_PRIVILEGED"/>
        <permission name="android.permission.WRITE_SECURE_SETTINGS"/>
        <permission name="android.permission.BROADCAST_CLOSE_SYSTEM_DIALOGS"/>
        <permission name="android.permission.START_TASKS_FROM_RECENTS"/>
        <permission name="android.permission.STATUS_BAR"/>
        <permission name="android.permission.STOP_APP_SWITCHES"/>
    </privapp-permissions>
</permissions>
